[
  {
    "title":"ZNMD",
    "releaseYear":"20o9",
    "language":"Hindi",
    "rating":"4",
    "length":"2.5",
    "description":"acbx",
    "actors": [
      {
        "firstName":"sharukh",
        "lastName":"khan",
        "gender":"male"

      },
      {
        "firstName":"kajol",
        "lastName":"devgan",
        "gender":"female"

      },
      {
        "firstName":"amrish",
        "lastName":"puri",
        "gender":"male"

      }
    ],
    "album":{
      "albumName":"a1",
      "images":[
        {
          "url":"Image/WingsofFire.jpg"

        },{
          "url":"Image/WingsofFire.jpg"
        }


      ]


    },

    "createDate":"1/2/2011",
    "deleteDate":""




  },
  {
    "title":"abc",
    "releaseYear":"2012",
    "language":"hindi",
    "rating":"4",
    "length":"1.2",
    "description":"acbx",
    "actors": [
      {
        "firstName":"sharukh",
        "lastName":"khan",
        "gender":"male"

      },
      {
        "firstName":"kajol",
        "lastName":"devgan",
        "gender":"female"

      },
      {
        "firstName":"amrish",
        "lastName":"puri",
        "gender":"male"

      }
    ],
    "album":{
      "albumName":"a1",
      "images":[
        {
          "url":"Image/WingsofFire.jpg"

        },{
          "url":"Image/WingsofFire.jpg"
        }


      ]


    },

    "createDate":"1/2/2011",
    "deleteDate":""




  }




]